Workbook

Sheet input
A1: DATE | B1: Stock Name | C1: OPENP* | D1: HIGH | E1: LOW | F1: CLOSEP* | G1: VOLUME | H1: Change | K1: DATE | L1: Stock Name | M1: OPENP* | N1: HIGH | O1: LOW | P1: CLOSEP* | Q1: VOLUME
A2: 45186 | B2: AAMRANET | C2: 58 | D2: 58.5 | E2: 56.6 | F2: 57.1 | G2: 554558 | H2: -1.2 | K2: 45186 | L2: AAMRANET | M2: 59.6 | N2: 59.6 | O2: 56.6 | P2: 57.1 | Q2: 1521647
A3: 45183 | B3: AAMRANET | C3: 58.4 | D3: 59.5 | E3: 58.1 | F3: 58.3 | G3: 327685 | H3: -0.4
A4: 45182 | B4: AAMRANET | C4: 59.6 | D4: 59.6 | E4: 58 | F4: 58.7 | G4: 639404 | H4: -1
A5: 45181 | B5: AAMRANET | C5: 0 | D5: 0 | E5: 0 | F5: 59.7 | G5: 0 | H5: 0 | K5: 45181 | L5: AAMRANET | M5: 0 | N5: 0 | O5: 0 | P5: 59.7 | Q5: 0
A6: 45180 | B6: AAMRANET | C6: 60 | D6: 60.3 | E6: 59.5 | F6: 59.7 | G6: 300877 | H6: -0.4 | K6: 45180 | L6: AAMRANET | M6: 61.9 | N6: 61.9 | O6: 59.5 | P6: 59.7 | Q6: 1234283
A7: 45179 | B7: AAMRANET | C7: 61 | D7: 61.4 | E7: 59.9 | F7: 60.1 | G7: 343589 | H7: -1
A8: 45176 | B8: AAMRANET | C8: 61.9 | D8: 61.9 | E8: 60.7 | F8: 61.1 | G8: 589817 | H8: -0.8
A9: 45174 | B9: AAMRANET | C9: 62.1 | D9: 62.4 | E9: 61.3 | F9: 61.9 | G9: 582049 | H9: 0.1 | K9: 45174 | L9: AAMRANET | M9: 62.1 | N9: 62.4 | O9: 61.3 | P9: 61.9 | Q9: 582049
A10: 45173 | B10: AAMRANET | C10: 62.8 | D10: 63.2 | E10: 61.4 | F10: 61.8 | G10: 478620 | H10: -0.8 | K10: 45173 | L10: AAMRANET | M10: 62.8 | N10: 63.2 | O10: 61.4 | P10: 61.8 | Q10: 478620
A11: 45172 | B11: AAMRANET | C11: 62.6 | D11: 63 | E11: 61.8 | F11: 62.6 | G11: 660444 | H11: 0.6 | K11: 45172 | L11: AAMRANET | M11: 62.6 | N11: 63 | O11: 61.8 | P11: 62.6 | Q11: 660444
A12: 45186 | B12: ADVENT | C12: 22.8 | D12: 24.2 | E12: 22.7 | F12: 23.5 | G12: 1116072 | H12: 0.7 | K12: 45186 | L12: ADVENT | M12: 22.8 | N12: 24.2 | O12: 22.7 | P12: 23.5 | Q12: 1116072
A13: 45183 | B13: ADVENT | C13: 23 | D13: 23 | E13: 22.8 | F13: 22.8 | G13: 608103 | H13: -0.2 | K13: 45183 | L13: ADVENT | M13: 23.2 | N13: 23.3 | O13: 22.8 | P13: 22.8 | Q13: 1254582
A14: 45182 | B14: ADVENT | C14: 23.2 | D14: 23.3 | E14: 23 | F14: 23 | G14: 646479 | H14: -0.2
A15: 45181 | B15: ADVENT | C15: 22.9 | D15: 23.3 | E15: 22.9 | F15: 23.2 | G15: 393986 | H15: 0.3 | K15: 45181 | L15: ADVENT | M15: 22.9 | N15: 23.3 | O15: 22.9 | P15: 23.2 | Q15: 393986
A16: 45180 | B16: ADVENT | C16: 23.2 | D16: 23.4 | E16: 22.9 | F16: 22.9 | G16: 781927 | H16: -0.3 | K16: 45180 | L16: ADVENT | M16: 24.2 | N16: 24.3 | O16: 22.9 | P16: 22.9 | Q16: 4577093
A17: 45179 | B17: ADVENT | C17: 23.5 | D17: 23.8 | E17: 23 | F17: 23.2 | G17: 724897 | H17: -0.3
A18: 45176 | B18: ADVENT | C18: 24 | D18: 24.1 | E18: 23.4 | F18: 23.5 | G18: 1022957 | H18: -0.4
A19: 45174 | B19: ADVENT | C19: 24 | D19: 24.2 | E19: 23.8 | F19: 23.9 | G19: 1347849 | H19: -0.1
A20: 45173 | B20: ADVENT | C20: 24.2 | D20: 24.3 | E20: 23.9 | F20: 24 | G20: 699463 | H20: -0.2
A21: 45172 | B21: ADVENT | C21: 24.2 | D21: 24.6 | E21: 24 | F21: 24.2 | G21: 2331697 | H21: 0.1 | K21: 45172 | L21: ADVENT | M21: 24.2 | N21: 24.6 | O21: 24 | P21: 24.2 | Q21: 2331697

Sheet output
A1: DATE | B1: Stock Name | C1: OPENP* | D1: HIGH | E1: LOW | F1: CLOSEP* | G1: VOLUME
A2: =input!J2 | B2: =input!K2 | C2: =input!L2 | D2: =input!M2 | E2: =input!N2 | F2: =input!O2 | G2: =input!P2
A3: =input!J5 | B3: =input!K5 | C3: =input!L5 | D3: =input!M5 | E3: =input!N5 | F3: =input!O5 | G3: =input!P5
A4: =input!J6 | B4: =input!K6 | C4: =input!L6 | D4: =input!M6 | E4: =input!N6 | F4: =input!O6 | G4: =input!P6
A5: =input!J9 | B5: =input!K9 | C5: =input!L9 | D5: =input!M9 | E5: =input!N9 | F5: =input!O9 | G5: =input!P9
A6: =input!J10 | B6: =input!K10 | C6: =input!L10 | D6: =input!M10 | E6: =input!N10 | F6: =input!O10 | G6: =input!P10
A7: =input!J11 | B7: =input!K11 | C7: =input!L11 | D7: =input!M11 | E7: =input!N11 | F7: =input!O11 | G7: =input!P11
A8: =input!J12 | B8: =input!K12 | C8: =input!L12 | D8: =input!M12 | E8: =input!N12 | F8: =input!O12 | G8: =input!P12
A9: =input!J13 | B9: =input!K13 | C9: =input!L13 | D9: =input!M13 | E9: =input!N13 | F9: =input!O13 | G9: =input!P13
A10: =input!J15 | B10: =input!K15 | C10: =input!L15 | D10: =input!M15 | E10: =input!N15 | F10: =input!O15 | G10: =input!P15
A11: =input!J16 | B11: =input!K16 | C11: =input!L16 | D11: =input!M16 | E11: =input!N16 | F11: =input!O16 | G11: =input!P16
A12: =input!J21 | B12: =input!K21 | C12: =input!L21 | D12: =input!M21 | E12: =input!N21 | F12: =input!O21 | G12: =input!P21
